index,name,OpenUrl
1,看小说时不想错过任何磕CP糖的你,
2,发个暗号告诉大家来查房了,
3,如果不是监控这事可就说不清了！人类在监控下的迷惑行为真的太好笑了！！,
4,哈哈哈哈哈哈哈哈哈哈幼崽好可爱，千姿百态的,
5,这是我这孩子是借来的吧,
6,在学校的时候，我也这样,
7,哈哈哈哈哈哈哈哈哈哈哈哈哈哈哈是这样吗,
8,哈哈哈哈哈哈哈这特么就是我本人啊,
9,感谢，有被长寿到,
10,介 就 是 女 王_,
11,哈哈哈哈哈哈哈哈这也太可爱了吧cr:@SASA的丸子妹,
12,不知不觉，小神兽们都会拆家了,
13,哈哈哈哈哈这舞跳得太优秀了吧,
14,给不同的马喂食榴莲，第二只直接丧失表情管理和哈哈哈哈哈哈哈哈哈哈哈哈哈哈哈哈,
15,英语和山东话简直无缝衔接，毫无违和感，哈哈哈有内味了,
16,小猫咪这么可爱有点坏心眼怎么了,
17,如果是我，我就换个城市生活,
18,这是一场音乐家用乐器来吵架的表演，可以说是最强乐器小品了真的有被震惊到！有技术真的可以为所欲为！,
19,哈哈哈哈哈这裤子缝的能自己长好吗,
20,怎么样？姑姑和过儿被你一爪子一个擒住了,
21,原来幼稚也是不分国界的哈哈哈哈哈哈 ,
22,生命本来就短暂，你还非要走捷径哈哈哈哈哈哈哈哈哈哈,
23,哈哈哈哈哈哈哈哈哈哈哈哈哈哈哈哈哈哈哈哈哈哈哈哈这是弹簧猫吗？,
24,别人家的复读 多才多艺，我家的复读 只会说爱我5555，友友们这样的感情还有必要继续吗？（代了,
25,看猫咯！（不太聪明的样子）,
26,哈哈哈哈哈哈哈做个人吧,
27,我们的目标是：逼疯教练,
28,让本不富裕的生活雪上加霜,
29,不化妆等于不尊重吗？自由洒脱才是最重要的啊！（转+评原博，抽一个送ysl617）,
30,这是对这道菜最好的诠释,
31,宜家那些令人感到疑惑的奇葩商品！｜开箱21,
32,2021年的基民,
33,坑妹狂魔，心疼这位老妹,
34,子日的人男仿模,
35,曾经强烈反对养猫的爸妈！然后养猫后的真香行为大赏！,
36,哈哈哈哈哈哈哈哈哈哈哈哈哈哈哈哈,
37,快去冰箱看看有没有这数字！,
38,没有什么能难倒聪明的小猫咪，一只飞掉的气球罢了,
39,这便宜，不占白不占啊&#xe627;楚河超话,
40,人类高能失误行为实录 隔着屏都疼,
41,马上寄给我，地址我发给你们管网微博啦,
42,当小朋友变成你的种树监工，你的懒觉就无了,
43,辽宁沈阳。一只猫躺在一售楼处沙盘上面睡觉，还把沙盘上的路牌模型睡倒。据悉，这只猫咪是流浪猫，已经被售楼处收养。,
44,这小东西到底有什么秘密这么开心，蹦蹦跳跳的好可爱呀,
45,年假？我需要吗？我不需要！只有对社会没有用的人才会放假！我要打工！,
46,大橘：看我的无敌猫猫拳（twi：のこちゃん）,
47,上课顺带练酒量哈哈哈哈哈哈哈哈哈哈哈哈哈哈哈,
48,新娘：结个婚差点儿被送走,
49,国外网友们将爷爷奶奶姥姥姥爷的旧照片转换动态化后给爸妈看，看看他们的爸爸妈妈…好感人,
50,哈哈哈这姑娘太好玩了那东北人是什么样子的,
51,哈哈哈哈哈哈哈哈哈哈会捣鼓,
52,瓢虫：旋转跳跃我闭着眼,
53,三月不减肥四月徒伤悲像不像健身房锻炼的你？,
54,大家都在认真准备，只有她上蹿下跳的像个猴子。,
55,哈哈哈哈哈哈看到最后,
56,这症状怕是好不了了...,
57,女人模仿男人有多像,
58,一扇有灵魂的门，半夜都不会觉得孤单了 ,
59,哈哈哈哈哈哈哈哈,
60,密 室 能 有 多 吓 人 ,
61,秀出你的大学专业，来自你大姨的疑惑,
62,"羊驼能有什么坏心思呢,它最大的武器就是吐口水了，啊哈哈哈哈哈哈哈哈",
63,白色情人节，麻将都有人亲，你却没有,
64,哈哈哈哈哈原来这就是打工的真相​​​,
65,急死个人！,
66,2021314单身人士的自我救赎 ,
67,好家伙，到底是谁在偷窥我妈的手机！！！,
68,世界上最小的咖啡，抿一口就没了,
69,这便宜，不占白不占啊#xe627楚河超话,
70,特工猫猫...twi: oryzae1824,
71,爸爸：我一个人承受了太多,
72,看给孩子气的,
73,这是什么新物种,
74,隔壁老王这一下基本也就凉了吧……如果选择从四楼走，结局也不至于这么惨……,
75,哈哈哈哈哈哈哈哈哈哈哈哈哈哈哈哈哈哈哈哈哈哈哈哈哈哈哈哈哈哈哈哈哈哈哈哈哈哈哈哈哈哈哈哈哈哈哈哈哈哈哈哈哈哈哈哈哈笑死,
76,猫猫：怎么肥事我是谁我在哪？（reddi: myowfatayworld）,
77,开心的时候要看玉桂狗和朋友们跳舞 不开心的时候更要看玉桂狗和朋友们跳舞,
78,笑尿了系列哈哈哈哈哈哈哈哈,
79,艺术难道就不值得尊重吗——须佐能乎,
80,嚯～吓一跳,
81,养狗 好吗？很多人问我这个问题。我今天很认真的回答一下大家：养狗很好！很有趣！有灵魂！！让人生变得很充实！养一只如果不够有趣，你可以像我一样养两只！！！,
82,50集的电视剧，你几秒就演完了？,
83,她怎么了啊？,
84,一直以为这只猫的嘴是这样的 结果人家自带表情包特效？？？,
85,沙子中出现了新物种,
86,[中文字幕]持久,
87,这个发量是真实的吗,
88,我们不是胖 只是可爱到膨胀！,
89,哈哈哈哈哈这猫看起来不太聪明的样子,
90,宝宝的午餐就这么被小羊抢了！网友:妹妹都急坏了2三亚,
91,真·吃了一脸草,
92,你的专业表演了什么才艺呢,
93,真实还原男人参加饭局的情形…,
94,健身房，当青铜教练遇上王者学员，哈哈哈哈太尴尬了,
95,收了徒弟差点赔了男朋友？还好我悬崖勒马…xe627贺然超话 @微博情感,
96,建议原地出道,
97,美女和我,
98,公开处刑！高佑思的英语究竟有多差？,
99,学模特学出了健美的感觉哈哈哈,
100,养猫人最幸福的时刻 ,
101,吓得我都不敢上厕所了,
102,这个计时法让我笑到质壁分离...,
103,怀疑自家狗子体内住了个人的瞬间 不知道什么时候你的狗子就成精了！,
104,当骗子遇上了戏精，哈哈哈哈哈，山上的笋都被你们夺光了,
105,这样的英语和山东话简直无缝衔接，毫无违和感，哈哈哈有内味了,
106,奥特曼：谢谢妈妈给我买的小孩。,
107,原来宝宝穿的尿不湿还可以这样换，长见识了！,
108,你被哪位名人拉黑了 说出你的故事,
109,推上网友做的「巨人世界第一视角体验」，这也太逼真让人窒息了！,
110,隔代亲是真的,
111,狗子可能上辈子都是蒲公英吧,
112,哈哈哈哈哈哈绝了,
113,我是妈宝我骄傲！,
114,哈哈哈哈哈哈哈哈哈哈哈哈哈哈被拖着去看熊猫的小朋友，浑身写满了拒绝,http://t.cn/A6tmcOTb
115,这就是说唱OG嘛？这就是hiho 嘛？这就是Udergroud嘛？新说唱没她们我不看！,http://t.cn/A6tmWc3P
116,哈哈简单点就是女孩子和女汉子的区别,http://t.cn/A6tEKpxw
117, 献丑了我学的比较杂…,http://t.cn/A6tmW5rW
118,你曾听过美国人说过的最愚蠢的话是...？,http://t.cn/A6tmCjr6
119,水獭：只要自己看不见，喵就看不见,http://t.cn/A6tnGyOB
120,舒服了,http://t.cn/A6tRu71u
121,人类幼崽的睡觉姿势真是各不一样啊，每种都散发着可爱的气息 ​​​,http://t.cn/A6tmdsZw
122,能把跳绳跳成芭蕾舞的很少见，配音更是绝了,http://t.cn/A6tmdquo
123,像不像是给舍友带饭的你，这宿舍还挺远啊...,http://t.cn/A6tnhORV
124,？？？？？？？？？？？？？？？？？？？？？？？？？？？？,http://t.cn/A6tuq661
125,和计算机专业的男生谈恋爱是一种什么样的体验？计算机专业的男生有多浪漫,http://t.cn/A64drnLD
126,哈哈哈哈哈哈哈我以前也问过护士干多久能干到医生,http://t.cn/A6tmOkl0
127,哈哈哈哈太欢乐了吧,http://t.cn/A6tmMhwk
128,“咬你了噢！真咬了噢～！诶…怎么不怕”,http://t.cn/A6tmORY0
129,监控下的“惊喜”总是猝不及防，原谅我不厚道的笑了 ,http://t.cn/A6tmWaKG
130,面对郭老师，李雪琴直言自己的择偶标准是郭麒麟，好奇郭老师的内心想法,http://t.cn/A6tnYpNZ
131,可恶，这是幻术吗,http://t.cn/A6tEh5xa
132,哈哈哈哈哈哈哈哈哈哈好会唠嗑的小娃娃太可爱了！,http://t.cn/A6tmCGy5
133,这控车水平你打几分？,http://t.cn/A6tmoPN3
134,哈哈哈这也太会说了,http://t.cn/A6tmVfD3
135,东北人是不是个个天生都会唠嗑,http://t.cn/A6tmxenv
136,多一门语言多一个朋友cr：屁小鱼 ,http://t.cn/A6tmrN3D
137,一边工作一边睡觉 钱赚到了 休息也够了 两不误,http://t.cn/A6tmKkEG
138,现在怎么快穿文都被改的这么好看？？？,http://t.cn/A6tm0wzu
139,哈哈哈哈哈哈笑死了,http://t.cn/A6tnYGTr
140,原来不止是我一个人这样其实人类的喜怒哀乐都是相通的系列,http://t.cn/A6tmpd1X
141,哈哈哈哈哈哈哈快来看看人类幼崽千姿百态的睡姿，我表示学不来,http://t.cn/A6tRdXJm
142,哈哈哈哈哈哈哈哈哈哈哈哈哈哈哈哈哈哈哈哈哈笑得,http://t.cn/A6tEXPQI
143,这狗狗也太会享受了吧,http://t.cn/A6tmS2Se
144,体贴温柔的男孩子太让人心动啦,http://t.cn/A6tmHmNx
145,水泥厂已经被沙子淹没了,http://t.cn/A6tmQls0
146,头发对一个人的影响有多大！,http://t.cn/A6tY577y
147,来自医学生的奇葩操作之显微镜打吃鸡,http://t.cn/A6t3vTqJ
148,倒霉竟是自己,http://t.cn/A6tuFkPB
149,连夜换个星球重新生活哈哈哈哈哈哈哈哈哈,http://t.cn/A6tuFDKH
150,论在宿舍最懒，就服你,http://t.cn/A6tudqoC
151,开春了，武林大师们都开始活动筋骨了,http://t.cn/A6t3PUg4
152,当我跟我妈说我想养个宠物,http://t.cn/A6tusw85
153,能歇一秒是歇一秒,http://t.cn/A6t1vgkk
154,一些奇奇怪怪的片段,http://t.cn/A6t379il
155,自律的猫有多可怕,http://t.cn/A6tBaOaE
156,猫都在努力，我们还有什么理由不努力,http://t.cn/A6tBJp2b
157, 哈哈哈哈哈哈哈,http://t.cn/A6tBJFDj
158,文明人说话方式，你学废了没,http://t.cn/A6tBJS4x
159,谁不是狗 谁尴尬 哈哈哈哈哈哈哈哈哈,http://t.cn/A6tB6nyR
160,奥特曼都被煎吐血了，这个世界太黑暗了,http://t.cn/A6tu3DcX
161,自行车：穿上鞋子后我更稳固了,http://t.cn/A6tBVbYv
162,人类迷惑行为大赏，这些都是怎么做到的？！,http://t.cn/A6tBJy1P
163,今天高低给同事整个活儿，给他点了香椿馄饨和苏打水，看他吃了是啥感觉。,http://t.cn/A6tBJdZk
164,有只小鸭能歇一秒是一秒像极了你偷懒的样子,http://t.cn/A6t3NoNI
165,又到了一月一期的名词解说环节,http://t.cn/A6tBSOAC
166,小样，还学会欲擒故纵了？,http://t.cn/A6tBwATt
167,？？？,http://t.cn/A6turhny
168,小可爱竟然以为他牵了父母的手之后，就将水通过他转移了哈哈哈哈笑得好开心好治愈啊！,http://t.cn/A6tB2oVG
169,一万的装修预算，门面花了八千,http://t.cn/A6tmTCsx
170,果然有姐姐的弟弟都沦为工具人,http://t.cn/A6t1iy7M
171,小三很多次洗澡洗一半逃跑了然后被人捉回去…,http://t.cn/A6tBiVQa
172,这个小男孩好暖，听到宗可可原谅他了，高兴的可能就差蹦起来了，小女孩也好棒,http://t.cn/A6tuOhRv
173,笑死，根本找不到！,http://t.cn/A6tBIVy5
174,你这个朋友的名字还真是随意哈哈...,http://t.cn/A6t176vh
175,事实证明猫头鹰也是猫科动物， ​​​太可爱啦,http://t.cn/A6t1JjLB
176,奥特曼的迷惑行为,http://t.cn/A6qdJjS8
177,这就是幻术吗哈哈哈哈哈哈哈哈哈哈哈哈哈,http://t.cn/A6tuFUka
178,一看就是惯犯了,http://t.cn/A6t3ypdL
179,你其实一直在无效生活,http://t.cn/A6tuRg16
180,真心话，全是单身狗或者全是脱单的，寝室才会和谐,http://t.cn/A6t1tGpo
181,南方人太羡慕这唠嗑能力了,http://t.cn/A6tBJOac
182,警告 动作过于熟练 ,http://t.cn/A6tBXOsK
183,绝了，笑我了，原来香椿馄饨加苏打水真能吃出神奇的味道，哈哈哈哈哈哈哈哈哈，不信的宝子们可以去买来试试！,http://t.cn/A6tBS76i
184,大型网恋奔现翻车现场，看完你还敢网恋吗，笑喷了,http://t.cn/A6tBMIWR
185,欢迎来到说唱的世界（35秒后高能,http://t.cn/A6tuebGA
186,这台词也太羞耻了吧哈哈哈哈哈,http://t.cn/A6tBJmbX
187,哈哈哈哈哈哈哈哈哈哈,http://t.cn/A6tBIOJD
188,“爸爸 为什么有些人的肤色是黑的？”,http://t.cn/A6t3zCCi
189,女人的嘴，骗人的鬼！,http://t.cn/A6tBJRQl
190,我们不是走累了，是舍不得放学啦,http://t.cn/A6tB6BSw
191,硬核大爷大赏来了,http://t.cn/A6bz8XkI
192,小朋友的快乐很简单，童心真好via:,http://t.cn/A6US4tES
193,确认过眼神，这些是一群快乐的人类幼崽都是可以自娱自乐的喜剧家们,http://t.cn/A6tuelgs
194,二战时期的小摩托，哈哈挺萌的,http://t.cn/A6tuE4QY
195,显微镜打游戏。网友:自带40倍镜，这物理外挂太绝了！,http://t.cn/A6tBJ0Ty
196,真的有点对不起李云森 但是痛在你身，伤在我心啊,http://t.cn/A6tBfFOi
197,网友：小姐姐，能借我用一下显微镜吗？,http://t.cn/A6tBJSmi
198,人 类 一 败 涂 地,http://t.cn/A6tu3PC4
199,这么喝水很奇怪吗？？？,http://t.cn/A6t1MzjM
200,你这一辈子有没有为拍照拼过命哈哈哈哈哈哈哈哈哈哈哈哈哈哈哈,http://t.cn/A6tuuK3Z
201,宝，我破防了,http://t.cn/A6tBic13
202,妈见打系列,http://t.cn/A6t1be8n
203,草（一种植物 ,http://t.cn/A6t3kLIj
204,果然有危险的时候父亲最安全，没安全的时候父亲最危险,http://t.cn/A6tBfsOL
205,一招教你如何解决猫在桌上捣乱的问题,http://t.cn/A6t1im0f
206,《超时空同居》里雷大头说馒头加咖啡粉是巧克力蛋糕味，豆干加花生米合起来就是鸡味。你去吃香椿馄饨再喝口苏打水，吃出来就是——屁味！太上头啦，哈哈哈哈哈！,http://t.cn/A6tBMdXy
207,这是个悲伤的故事！,http://t.cn/A6tmjXfu
208,我终于 站起来了......,http://t.cn/A6tuRjQT
209,@追风少年刘全有，老哥果然没骗我， 居然真能吃出屁味儿，奇怪的知识又增加了，你们快去试试是什么味儿！,http://t.cn/A6tB977B
210,JIO JIO RUA MIAO MIAO,http://t.cn/A6qrFrMY
211,动用了全部人脉,http://t.cn/A6tBKKtW
212,本来猫想换个表情的，看了看羊驼后还是决定保持原来的表情,http://t.cn/A6t3IXHU
213,小短腿和大长腿打架，太吃亏了，完全没有还手的余地,http://t.cn/A6t3do0S
214,谷的阿芙特努恩,http://t.cn/A6tBI49N
215,喵星人疯狂暗示：什么叫饿的叮当响。。。,http://t.cn/A6tBKapU
216,哈哈哈哈哈哈哈哈我跌跌撞撞奔向你,http://t.cn/A6tmTyBv
217,像不像你那谈了恋爱的弟弟,http://t.cn/A6tukaWn
218,哈哈哈哈哈哈哈打错人了,http://t.cn/A6tBMtwb
219,哈哈哈哈哈哈认错人了,http://t.cn/A6tBIDF0
220,当爸爸开始表演的时候，没孩子什么事儿了via：logo,http://t.cn/A6tBcZFy
221,女生的底线系列，哈哈哈哈哈哈哈哈哈哈哈哈哈哈哈哈哈哈哈哈哈哈哈哈哈哈哈哈绿毛太可爱了,http://t.cn/A6t394Q8
222,小孩子一样.,http://t.cn/A6tu8zb9
223,假如上课像上网...,http://t.cn/A6t1fNSy
224,只要自己不尴尬，尴尬的就是别人 ,http://t.cn/A6tug0DB
225,猫咪看猫咪,http://t.cn/A6tu1uS1
226,孩子睡觉前的各种要求，真是要多奇葩有多奇葩……,http://t.cn/A6t1cPh9
227,大爷带狗洗完澡后不认识了,http://t.cn/A6tukVZJ
228,当两个小爱同学吵架，你猜谁会赢？,http://t.cn/A6t37pqX
229,好家伙，还是个童工,http://t.cn/A6tu3IZH
230,今天网上冲浪看到了一个香椿馄饨加苏打水的神仙搭配，我整了一下，一言难尽啊旁友们，劝大家别轻易试，虽然我知道你们也不会听我的,http://t.cn/A6t1MBNN
231,人类幼崽遛狗摔倒后反被狗子嘲笑：你是不是傻！一旁宝妈笑出鹅叫,http://t.cn/A6t3IAd6
232,这么暖男的老爸，请给我来一打！真是太有爱了,http://t.cn/A6tBVULR
233,为了孩子，我忍了……太疼了……,http://t.cn/A6tBVJLC
234,哈哈哈哈哈哈哈这配音我是真的服,http://t.cn/A6tuYjgo
235,哈哈哈哈哈哈现在的男孩子都这么可爱的吗？,http://t.cn/A6t1qdni
236,人倒霉起来喝口水都能塞牙,http://t.cn/A6t3rOvK
237,哈哈哈哈哈哈哈我也经常给人家吓到,http://t.cn/A6tuH8bU
238,干啥啥不行，干饭第一名！！！,http://t.cn/A6tuQg7q
239,这要是不小心掉一张，得找很久吧   ,http://t.cn/A6tBIPqO
240,狗：让我想想这是第几个了,http://t.cn/A6t3vK4e
241,哈哈哈哈，别说老外，自己都懵了,http://t.cn/A6tmjkGN
242,中华有神功,http://t.cn/A6tBiU47
243,有些孩子已经让妈妈们无法决定要精养还是粗养了……,http://t.cn/A6t1yNDW
244,两只猫咪比赛吃东西，换一个角度看猫咪进食，哈哈哈哈哈看完整个人替那只大橘猫着急。,http://t.cn/A6tuHxjQ
245,草哈哈哈哈哈哈哈哈哈哈哈哈哈哈哈哈哈哈哈哈哈哈哈哈哈哈哈你永远不知道美颜有多好笑,http://t.cn/A6t1yOGP
246,一只手举起对象 挑战  成功or失败,http://t.cn/A6tBT49L
247,哈哈哈哈哈这求偶的二人转小步伐。。。,http://t.cn/A6tB8Xmj
248,不养二哈，你永远不知道自己血压能飚到多高.....,http://t.cn/A6tDPMgf
249,他俩就差跪下了,http://t.cn/A6trghOW
250,这是什么生物啊哈哈哈哈哈哈，像极了你干饭的样子,http://t.cn/A6tDPGcJ
251,有人给我发微信，号称自己是三星堆工作人员，刚出土的古董时刻准备出手，兴奋的我赶紧一个电话打了过去，没想到是这样的结果…… ,http://t.cn/A6tdki7Y
252,哈哈哈哈，都说宠物随主人，可见主人是啥 ,http://t.cn/A6tDw4lD
253,小朋友有什么坏心思呢 他只是对小柴垂涎欲滴,http://t.cn/A6tgBeE0
254,训练猫咪如何用马桶上厕所，猫猫成功学会后，铲屎官就能轻松不少呢,http://t.cn/A6tedCV3
255,鱼：我命由我不由天，拜拜了您呐,http://t.cn/A6tdR1IW
256,哈哈哈哈哈哈，瞧把阿姨给乐得，都笑成表情包了,http://t.cn/A6tDw44a
257,【老邪吐槽】骚操作拉满，爆笑吐槽烂片背后奇葩五星好评,http://t.cn/A6tgE1VE
258,真是防不胜防啊！！！全程高能，请少一点套路，多一点真诚！ ,http://t.cn/A6td330D
259,哈哈哈哈哈哈怎么这么可爱,http://t.cn/A6tdQek3
260,哈哈哈哈哈哈哈哈哈哈哈哈哈不愿再笑，农民爷爷太可爱了，每一秒都好欢乐，这就是 吗！,http://t.cn/A6tdReVl
261,猫：完了我不干净了（i：meowgadget）,http://t.cn/A6trNo5D
262,哎，这该死的爱情,http://t.cn/A6tr1AxN
263,哈哈哈哈哈哈哈哈哈哈兵马俑带着它的坐骑来了,http://t.cn/A6tdW7U7
264,请同学们把抄起的凳子放下！！学霸也是会考砸的啊~原来是草稿纸的问题的啊~最后数学只考了142分@刘嘉森96,http://t.cn/A6tdjBM6
265,偶遇土拨鼠打架，太可爱了,http://t.cn/A6tezLzY
266,男生的快乐有多简单,http://t.cn/A6td3vKv
267,哈哈哈哈哈，开怀大笑,http://t.cn/A6tDwMB2
268,哈哈哈哈哈哈哈哈哈哈哈哈哈哈哈哈哈哈哈哈哈哈一杆进洞,http://t.cn/A6tdpxHv
269,这个“王”是不是有点刺挠,http://t.cn/A6te4LG4
270,瞧把阿姨给乐得，笑成表情包了～,http://t.cn/A6trO20x
271,能歇一秒是一秒,http://t.cn/A6td7MOJ
272,广西人的普通话是我最近的快乐源泉 ，这辈子一定要结识一名广西的靓仔,http://t.cn/A6tdjGRp
273,哈哈哈哈哈哈哈哈哈这是一条有想法的鱼,http://t.cn/A6tdu6Ok
274,有的鸭子是能歇一秒是一秒！,http://t.cn/A6td2no2
275,几个人在墙上吵起来了，说出来你可能都不信，哈哈,http://t.cn/A6td1Gsk
276,“明天就要和隔壁小母猫约会了，加练加练！”,http://t.cn/A6tesDhL
277,这大概就是岁月静好吧 ​​​,http://t.cn/A6tgL6pJ
278,咋说呢，驾校教练也不容易……,http://t.cn/A6trRVUC
279,快乐小羊 ,http://t.cn/A6teWzvr
280,很冷，却百玩不厌的谐音梗你怕了吗,http://t.cn/A6trCz88
281,（合集）不一样的恐怖片终结者，如何一秒化解化解看完恐怖片的恐惧,http://t.cn/A6trpXeV
282,就这个绝活，一般人都不会！哈哈哈万万没想到这结局...,http://t.cn/A6teMsk9
283,实在是有点遭不住,http://t.cn/A6tgBE2V
284,男人的快乐，想象力被激发！,http://t.cn/A6trrkLi
285,当人类又菜又爱玩时cr：B站,http://t.cn/A6tgezdc
286,不陪爷玩的下场,http://t.cn/A6tdTdur
287,你敢两天不回女朋友的消息吗,http://t.cn/A6tdu1gf
288,鹦鹉无聊学狗叫，狗子内心彻底无语了,http://t.cn/A6teh5pD
289,听完最后一句，立刻脑补出了一场高中宫斗大剧@刘嘉森96,http://t.cn/A6tdjFJ3
290,辣个泡酒当时是肯吞撒....,http://t.cn/A6tebSn5
291,哈哈哈哈哈哈哈哈哈哈时尚是个轮回,http://t.cn/A6teDD9n
292,猫：箭射你脑子里了吧,http://t.cn/A6tgVQO4
293,你就会拥有一大堆的闲置品，深有同感,http://t.cn/A6teeONl
294,看困了 ,http://t.cn/A6tgBYzD
295,哈哈哈哈这狗长得真虎啊,http://t.cn/A6tecvbJ
296,生活中的一点乐趣！,http://t.cn/A6tekULB
297,这还是同一个人么,http://t.cn/A6td3ZYa
298,我想要的 v 我实际上得到的,http://t.cn/A6tesjUk
299,哈哈哈哈哈狗子的快乐你永远想象不到,http://t.cn/A6tDhF80
300,吵架后 女生的反应,http://t.cn/A6te4kEN
301,现在结婚真不容易，大爷看透了一切 ！句句都是大实话！,http://t.cn/A6tdmuMb
302,嘎哈哈哈哈个哈哈哈哈哈哈嘎嘎嘎嘎嘎嘎嘎嘎狗都用不了的特效,http://t.cn/A6teZv4u
303,所以是皮肤重要还是五官重要！真的是太狠了啊！我算是服气了啊！,http://t.cn/A6tdXPfX
304,我啪的一下就看到小羊了,http://t.cn/A6teUaLq
305,重温经典 笑得差点儿过去,http://t.cn/A6tgFbaj
306,哈哈哈哈虽然是演戏，但能不能认真一点,http://t.cn/A6trN9Uk
307,哈哈哈前面的小伙子都望眼欲穿了,http://t.cn/A6trQoRm
308,哈哈哈哈哈哈哈哈是个狠人,http://t.cn/A6trQWIh
309,学会一门外语，对于家庭来说是多么的重要！,http://t.cn/A6tr00SP
310,能不能尊重一下别人的隐私  ,http://t.cn/A6tdNa57
311,别人的周末v我的周末,http://t.cn/A6yaHZZ0
312,这个计时法，已经把我笑裂了哈哈哈哈！,http://t.cn/A6tdhiUV
313,比起陌生人 半生不熟的人更可怕,http://t.cn/A6tdK1Aq
314,孩子们！让学长的心脏缓缓……我心里可能承受不来啊~,http://t.cn/A6tdjreX
315,睡前一乐，万宁百乔真是开心果儿@万宁叔- @百乔有毛病,http://t.cn/A6td4j5d
316,拴个小娃娃，回家玩过家家（uhi）,http://t.cn/A6tgBnKZ
317,能不划水，尽量不划,http://t.cn/A6tDAC7Z
318,俄罗斯的老虎已经混到这种地步了吗,http://t.cn/A6tdniSR
319,白羊星座男友,http://t.cn/A6trWZeW
320,俊子：我想下班，采访完再打老虎。老婆：我先看下，我想跳。然后俊子说了一句“要命”，还是起来陪着打老虎了，这就是宠溺吧PS：老婆真的很喜欢打老虎,http://t.cn/A6teUrsb
321,原谅我不厚道的笑了看着都疼，但愿人没事,http://t.cn/A6tdmPYk
322,猪看了直摇头.,http://t.cn/A6tegd4D
323,喵喵： 是谁把我的呼噜声还扩了音,http://t.cn/A6tdenha
324,【一万可配一条】绵绵春雨之夜，给乡亲们看个好玩的吧。求求各路智商一万的高人，快出来大喊：“假的，这是摆拍的！”,http://t.cn/A6trmfE4
325,谢谢有被爽到,http://t.cn/A6tD7p9K
326,我妈周一叫我起床。,http://t.cn/A6temFji
327,企鹅：诶诶诶稳住稳住我能行,http://t.cn/A6tdZ1CX
328,俄罗斯的男人 对付老婆突如其来的耳光,http://t.cn/A6tdQai6
329,最后一个笑死我了,http://t.cn/A6trp9xo
330,终于知道九良这外号是怎么来的了！橘猫：京巴不行！犯冲！,http://t.cn/A6trRNLj
331,难道是我的配方出了问题,http://t.cn/A6tdIPmF
332,找我擦玻璃嘛！免费的那种,http://t.cn/A6trQ7hu
333,德云社里我只听郭老师，听他的相声，很容易入睡的，就算他夹杂唱腔，也吵不醒我。睡前来喜马拉雅搜索“睡了吗”，听点有趣的~祝我们都能没有焦虑和烦恼，睡个好觉！,http://t.cn/A6tebZAf
334,不得不说，老郭的相声对很多人有陪睡之恩,http://t.cn/A6teL5kp
335,以前在失落寂寞时看周星驰的电影，现在心情沮丧时就听郭德纲的相声！不无夸张的说，郭德纲就是我快乐时的一剂良药,http://t.cn/A6teLcrS
336,各位胖友，早,http://t.cn/A6temAi9
337,奇变偶不变，符号看象限,http://t.cn/A6tDfDFV
338,你永远不知道大妈们拥有多少神技能,http://t.cn/A6tdYOKt
339,怎么确定精神病人可以出院,http://t.cn/A6tD0YAd
340,镇上理发店烫的头发～,http://t.cn/A6tD5La9
341,《新概念变种土味》｜土味挑战14你见识过西装猛男的变身吗？现在的土味变种速度太快！级猛男辣舞！看完直接换了一双眼睛！,http://t.cn/A6tg3pHX
342,这把人都吹走了，风也太大了吧,http://t.cn/A6tD4RSN
343,哈哈哈哈哈哈哈哈哈哈哈哈哈哈哈哈哈哈哈哈哈哈哈哈不得不说，这个发量我很羡慕,http://t.cn/A6tD5Nnq
344,当代年轻人的周末。,http://t.cn/A6Zz6Kcg
345,是真的好吃相信我！！,http://t.cn/A6tDfgrk
346,你也有尴尬到扣出三室一厅的童年回忆吗,http://t.cn/A6tDcDJq
347,震惊？！ 密室逃脱里竟然发生这样的事情哈哈哈哈哈哈哈哈哈啊哈哈,http://t.cn/A6tDUkEQ
348,黑衣大哥：就挺突然的,http://t.cn/A6tDutoL
349,为什么现在的男生这么娘，哼,http://t.cn/A6tD6bOD
350,小奶猫向主人讨吃的！！！太可爱了！！！,http://t.cn/A6tDi24W
351,当其他人都在努力走出低谷与困境，而我.....,http://t.cn/A6teA6sT
352,这合集看得我有一点期待二哈了.......,http://t.cn/A6tg4BN3
353,可爱男孩子。,http://t.cn/A6tDq7Fb
354,乖丫头，我承认你的眼神成功地挑衅到我了,http://t.cn/A6tebwhL
355,【】我晕了 我装的,http://t.cn/A6tD5v1D
356,像极了你干饭的样子,http://t.cn/A6tDTill
357,治愈女朋友不开心的方式,http://t.cn/A6tD4qPq
358,小白：？？？这么可怕的生物是真实存在的...【搞笑】,http://t.cn/A6teqG1j
359,为什么我切的西瓜和别人的不同！,http://t.cn/A6tDVPUI
360,一下子解开了困扰我多年的疑惑,http://t.cn/A6tDAjJj
361,大鹅和大爷的世纪之战， 把鹅给气坏了,http://t.cn/A6tDxnCT
362,真的好快落～,http://t.cn/A6qcN32m
363,像极了干饭人的干饭喵,http://t.cn/A6tDt3HE
364,我弯了,http://t.cn/A6teJaHp
365,直播卖货翻车的哪些表情管理大师 …,http://t.cn/A6tDwfRG
366,哈哈哈哈哈哈哈哈哈哈哈这是想学印度烫头吗,http://t.cn/A6tgBnKZ
367,我做英语阅读题：枂弫蚮是郶獩伜嚄，他们赜濹詟阦的,http://t.cn/A6tDtjKp
368,这和我看到的表情包上的不一样,http://t.cn/A6tDGAXO
369,奶奶辈的新婚VS妈妈辈的新婚，哈哈哈哈哈哈哈哈哈哈秀芝永远滴神,http://t.cn/A6tD42oV
370,抢食物的土拨鼠们，哈哈哈哈哈哈笑死我了,http://t.cn/A6tkPSZx
371,咕鹦鹉宁宁宁宁宁宁( `д´),http://t.cn/A6tDaef5
372,鬼：这辈子没这么无语过,http://t.cn/A6tDoIK9
373,假如死可以从来,http://t.cn/A6tgc1sc
374,一只被打闷的老鼠，脑瓜子生疼~,http://t.cn/A6tdNaZT
375,高情商就应该这么回答,http://t.cn/A6tgCP9X
376,周末睡懒觉的你和叫你起床的麻麻,http://t.cn/A6tdQZn3
377,麻烦关下灯⁣⁣⁣,http://t.cn/A6tDxqsV
378,鸭鸭：救命，我主人大概是疯了,http://t.cn/A6tdKIGi
379,人类萌宠们的作妖锦集,http://t.cn/A6teE8Bo
380,这车速有点快，我跟不上了,http://t.cn/A6tD7RQh
381,哈哈哈哈哈哈哈哈哈哈哈哈哈哈哈哈哈哈哈哈哈哈哈哈哈哈哈哈哈哈哈哈哈哈,http://t.cn/A6cz0opi
382,重庆立交桥有多魔幻，导航看了都想溜,http://t.cn/A6c7lF1Q
383,突然对男朋友说你可以对我好一点会发生什么呢？快去尝试一下吧！,http://t.cn/A6czo7nM
384,狗狗才是真正的孩子王比小朋友玩得还开心哈哈哈哈哈哈,http://t.cn/A6tRBtxc
385,下厨翻车的高能名场面,http://t.cn/A6c7aNLX
386,哈哈哈哈哈哈哈哈哈熊孩子还得熊孩子治！,http://t.cn/A6czSPPV
387,啊哈哈哈哈哈哈哈哈哈哈哈原来黑暗之神在这里！ ​​​​,http://t.cn/A6czSnnA
388,记得马上申请实用新型专利,http://t.cn/A6cP6oOO
389,你蹦蹦跳跳的背影，融化在我暮景残光里。 ,http://t.cn/A6cPkOyw
390,狗子不小心吃了只蜜蜂，然后脸肿的像个发福的兔子...,http://t.cn/A6czXfsD
391,【 网友：猫都比我自律了】3月26日，江苏镇江，戴女士无意间拍到有趣的一幕。一只猫咪在车尾做仰卧起坐，动作十分“标准”。据戴女士称，这只猫是朋友家的，经常都会健身，非常可爱！,http://t.cn/A6chUtKP
392,哈哈哈哈哈哈哈哈哈哈哈哈哈哈哈哈太可爱了，像极了赖床睡懒觉的你,http://t.cn/A6c72vD4
393,这步伐好骚哦，一看就不是什么正经乌鸦！,http://t.cn/A6chbt0L
394,暖羊羊 在享受阳光沐浴,http://t.cn/A6cPVoMJ
395,军训的时候脚的肤色差,http://t.cn/AiCXRDzi
396,现在换工作还来得及吗,http://t.cn/A6cPDlWf
397,苦海翻起爱恨，在世间难逃避跳螃蟹舞！小马@时代少年团队长-马嘉祺 你看我跳得如何,http://t.cn/A6cvDew1
398,我的脑子里浮现了一些不太美好的回忆...,http://t.cn/A6chVxB2
399,当指尖陀螺艺术遇上茶杯头，我的快乐好像找到了！！这可太有意思了！感觉我能玩一天！！,http://t.cn/A6czSEcH
400,你有多热爱美食？,http://t.cn/A6czoIif
401,这辈子睡眠最好的时候，就是在课堂上,http://t.cn/A6cvWDxg
402,“应该立刻把这条狗子送去苏伊士运河” —— twi: Buitegeiede,http://t.cn/A6chzAVZ
403,人生总要面对各种大风大浪，简直一浪高过一浪。2G冲浪人可能会提前倒下，但是我们5G冲浪人，一定迎浪而上！,http://t.cn/A6czygcH
404,小时候每次爸爸妈妈一来学校，就觉得自己无比成熟，生怕给老师同学添麻烦哈哈哈哈哈哈哈哈哈哈哈哈哈哈哈哈哈哈哈哈！,http://t.cn/A6cz0bHz
405,这位小小干饭人也太可爱了吧～,http://t.cn/A6cvevV4
406,哈哈哈哈哈哈哈哈哈哈哈哈哈哈哈哈哈哈哈哈哈哈哈哈哈哈哈哈哈哈哈哈哈哈哈哈哈哈哈哈哈,http://t.cn/A6c7buRa
407,好家伙，纸箱味的拍黄瓜,http://t.cn/A6czOy5R
408,下厨翻车的高能名场面，打开之前没想到这么好笑,http://t.cn/A6czGIwg
409,我的内心毫无波澜甚至有一丝凉爽。。,http://t.cn/A6tratHs
410,野餐还没拍照就被牛给吃了,http://t.cn/A6AaBq2L
411,中国版顶楼上线！！鼻孔抢戏，已经进入许瑞珍的魅力中无法自拔了cr.@嘎嘎许天奇,http://t.cn/A6czxyqT
412,果然游戏才是宿舍里的社交神器,http://t.cn/A6c7iSbj
413,哈哈哈哈哈哈今日份的快落源泉,http://t.cn/A6cvEn3H
414,戏精柴犬剪指甲,http://t.cn/A6cz0Q6j
415,哈哈哈哈哈哈哈哈哈哈哈哈哈哈哈代入感极强,http://t.cn/A6c7og95
416,家有同款神兽系列，哈哈via：,http://t.cn/A62b9Uw3
417,猫咪盯梢人类被识破！慢慢把自己藏起来了，假装无事发生…reddit：haihee,http://t.cn/A6cvdxd9
418,看来爸爸就是这样追到妈妈的,http://t.cn/A6c74srg
419,不装了 摊牌了 我是第3种：大神式！  ​​​​,http://t.cn/A6czq8ap
420,听说广东人都很瘦？,http://t.cn/A6c74JJq
421,海底捞过生日如果敌人太强大，那就加入他！,http://t.cn/A6tF9Zqp
422,来看看战斗民族俄罗斯是怎么宣传防疫的！哈哈哈哈哈我都惊呆了，是真的硬核...(：电视台恶作剧系列，打人的和被打的都是演员）,http://t.cn/A6tkqooa
423,二哈能有什么坏心思呢,http://t.cn/A6czS1sO
424,销售大哥看淡一切：都不重要！ 求之不得和努力未果都很难受！ 网球教练表示选择比努力更重要，路走错了都是白努力～你们认为选择和努力谁更重要？ 努力是过程，选择是结果，爱你所爱不留遗憾，奋斗吧铁汁们！,http://t.cn/A6cPh5jj
425,哈哈哈哈干饭人这强大的压迫感…,http://t.cn/A6GaIuKY
426,据说，这就是你干饭时的样子！！！,http://t.cn/A6cPyJrg
427,人 类 迷 惑 行 为 图 鉴,http://t.cn/A6cvevqw
428,解说倒车也要有仪式感，倒车高手过招，笑疯了哈哈哈！！！,http://t.cn/A6c7pvqh
429,小胡不胡闹 制作特辑,http://t.cn/A6czjdub
430,宠物羊驼，经常偷吃辣椒面，吃的时候还一脸享受，这样的宠物你喜欢吗？,http://t.cn/A6tsKsDV
431,万事皆备，怎么还不动？via：,http://t.cn/A6L61fVN
432,重庆，喻女士家里有一头宠物羊驼，经常偷吃辣椒面，吃的时候还一脸享受。据喻女士介绍，羊驼口味很重，芥末、洋葱、大蒜、辣椒面什么都吃。,http://t.cn/A6tsKsDV
433,重庆最强划拳教科书了解一下。,http://t.cn/A6tDxBu4
434,江苏镇江的戴女士无意间拍到有趣的一幕，一只猫咪在车尾做仰卧起坐，动作十分“标准”。,http://t.cn/A6chUtKP
435,这些民间天才般的机器发明，真是厉害了！,http://t.cn/R1uQOV2
436,【 网友：这很重庆！】3月24日，重庆，喻女士家里有一头宠物羊驼，经常偷吃辣椒面，吃的时候还一脸享受。据喻女士介绍，羊驼口味很重，芥末、洋葱、大蒜、辣椒面什么都吃。,http://t.cn/A6tsKsDV
437,那些意想不到的硬核人类,http://t.cn/A6tFlI25
438,熊孩子，你翻车了,http://t.cn/A6zoGTit
439,重庆，喻女士家里有一头宠物羊驼，经常偷吃辣椒面，吃的时候眼睛都不眨一下还一脸享受。据喻女士介绍，羊驼口味很重，芥末、洋葱、大蒜、辣椒面什么都吃。网友：这是入乡随俗了啊，很重庆！via：,http://t.cn/A6tsKsDV
440,这可能就是哥哥吧,http://t.cn/A6LGzoKa
441,这么多年终于看到一个正常人了,http://t.cn/A6czxG2m
442,（合集）他来了他来了他带着阴气走来了，密室逃脱 c:好家伙得亏拉的及时，不然就说不清楚了！,http://t.cn/A6cPF7AH
443,这样的老师你怕了吗,http://t.cn/A6tFngat
444,有了孩子你就会知道爸爸妈妈的爱不会消失，但会转移,http://t.cn/A6cvggvZ
445,小表情也太可爱了吧！我嘴角也忍不住上扬了！！,http://t.cn/A6cvRxxl
446,过山车的最高境界。吓晕了又醒了。反复好几次。,http://t.cn/A6cvsaEY
447,哈哈哈哈哈哈哈哈哈哈哈,http://t.cn/A6c7K9BM
448,后期妹子：不到一点就可以压了吗？我今天可以睡这么早了吗？我飘了校对妹子：月亮不睡我不睡，要不我再来一遍？,http://t.cn/A6c74Bzt
449,天真养气，可爱续命。 ,http://t.cn/A6czxUsY
450,偶遇外公和女儿在偷吃冰激凌，好有爱的画面啊！,http://t.cn/A6cztVyD
451,“读评论”我是一棵高大的椰子树，名字：窝四你椰椰,http://t.cn/A6chbwi5
452,哈哈哈哈哈哈哈哈哈哈哈哈哈哈哈哈哈哈哈哈哈哈哈哈哈哈哈哈哈我人已笑疯,http://t.cn/A6czopek
453,班长干饭不,http://t.cn/A6tFor7W
454,人类幼崽迷惑行为！每一个都让我看傻眼~,http://t.cn/A6chUVqX
455,东北爱情故事之二哥出招,http://t.cn/A6czlvro
456,苏伊士运河该怎么疏通？网友们纷纷出谋划策最后那个方案靠谱，就是有点儿费狗子,http://t.cn/A6czoBNz
457,此地不宜久留，我聪明我先溜～各位慢慢玩吧！,http://t.cn/A6c793t4
458,你不尴尬谁尴尬,http://t.cn/A6cvSRWZ
459,把过山车解说成了体育赛事,http://t.cn/A6cveE20
460,医 学 生 才 有 的 快 乐 ,http://t.cn/A6cvjWQs
461,狗狗：听说你在外面造谣我？,http://t.cn/A6chwHpw
462,怎样确定精神病人可以出院了,http://t.cn/A6ch2J6J
463,收到*粉丝*投稿，竟然还有英文字幕版厉害了厉害了谭Sir果然还是最棒的！大家一定注意要安全的参与交通！,http://t.cn/A6c7aSUu
464,青岛一老师忘关投影后的尴尬一幕，哈哈哈哈哈哈,http://t.cn/A6cvvmpy
465,人类幼崽大赏来了,http://t.cn/A6bu3o5c
466, ：风好大呀，我得抓牢点，别给我吹跑了,http://t.cn/A6cPopji
467,后期妹子：为什么每次工作人员名单里都没有我？文案小妹：因为你在文案里戏很多~,http://t.cn/A6czN7MT
